timestamp,open,high,low,close,volume
2025-11-22 14:40:00.000000,158.46,158.46,158.46,158.46,0.0
2025-11-22 14:45:00.000000,157.45,158.08,157.4,158.08,206.075
2025-11-22 14:50:00.000000,158.08,158.08,158.08,158.08,0.0
2025-11-22 14:55:00.000000,158.08,158.08,158.08,158.08,0.0
2025-11-22 15:00:00.000000,158.08,158.08,158.08,158.08,0.0
2025-11-22 15:05:00.000000,158.08,158.08,158.08,158.08,0.0
2025-11-22 15:10:00.000000,157.67,157.67,157.66,157.66,10.526
2025-11-22 15:15:00.000000,157.66,158.17,157.66,158.17,10.672
2025-11-22 15:20:00.000000,157.67,157.67,157.67,157.67,20.0
2025-11-22 15:25:00.000000,157.67,157.67,157.67,157.67,0.0
2025-11-22 15:30:00.000000,158.06,158.06,158.04,158.04,9.513
2025-11-22 15:35:00.000000,158.21,158.21,158.21,158.21,9.491
2025-11-22 15:40:00.000000,158.21,158.21,158.21,158.21,0.0
2025-11-22 15:45:00.000000,156.83,156.83,156.83,156.83,9.491
2025-11-22 15:50:00.000000,157.43,157.43,157.43,157.43,0.063
2025-11-22 15:55:00.000000,157.43,157.43,157.43,157.43,0.0
2025-11-22 16:00:00.000000,157.43,157.43,157.43,157.43,0.0
2025-11-22 16:05:00.000000,157.43,157.43,157.43,157.43,0.0
2025-11-22 16:10:00.000000,158.86,158.86,158.86,158.86,0.063
2025-11-22 16:15:00.000000,158.7,158.7,158.7,158.7,0.642
2025-11-22 16:20:00.000000,158.7,158.7,158.7,158.7,0.0
2025-11-22 16:25:00.000000,158.7,158.7,158.7,158.7,0.0
2025-11-22 16:30:00.000000,158.7,158.7,158.7,158.7,0.0
2025-11-22 16:35:00.000000,158.47,158.47,158.47,158.47,16.325
2025-11-22 16:40:00.000000,158.2,158.2,158.18,158.18,18.325
2025-11-22 16:45:00.000000,158.18,158.18,158.18,158.18,0.0
2025-11-22 16:50:00.000000,158.47,158.47,158.47,158.47,5.653
2025-11-22 16:55:00.000000,158.47,158.47,158.47,158.47,0.0
2025-11-22 17:00:00.000000,158.47,158.47,158.47,158.47,0.0
2025-11-22 17:05:00.000000,158.47,158.47,158.47,158.47,0.0
2025-11-22 17:10:00.000000,158.47,158.47,158.47,158.47,0.0
2025-11-22 17:15:00.000000,158.67,158.67,158.67,158.67,0.126
2025-11-22 17:20:00.000000,158.67,158.67,158.67,158.67,0.0
2025-11-22 17:25:00.000000,158.95,158.96,158.9,158.9,22.694
2025-11-22 17:30:00.000000,158.96,158.96,158.96,158.96,20.0
2025-11-22 17:35:00.000000,158.96,158.96,158.96,158.96,0.0
2025-11-22 17:40:00.000000,158.96,158.96,158.96,158.96,0.0
2025-11-22 17:45:00.000000,158.56,158.56,158.33,158.33,9.686
2025-11-22 17:50:00.000000,158.13,158.16,158.13,158.16,20.0
2025-11-22 17:55:00.000000,158.16,158.16,158.16,158.16,0.0
2025-11-22 18:00:00.000000,157.87,157.87,157.87,157.87,13.132
2025-11-22 18:05:00.000000,157.87,157.87,157.87,157.87,0.0
2025-11-22 18:10:00.000000,157.87,157.87,157.87,157.87,0.0
2025-11-22 18:15:00.000000,157.75,157.75,157.75,157.75,0.064
2025-11-22 18:20:00.000000,157.75,157.75,157.75,157.75,0.0
2025-11-22 18:25:00.000000,157.75,157.75,157.75,157.75,0.0
2025-11-22 18:30:00.000000,157.75,157.75,157.75,157.75,0.0
2025-11-22 18:35:00.000000,158.63,158.63,158.62,158.62,17.64
2025-11-22 18:40:00.000000,158.62,158.62,158.62,158.62,0.0
2025-11-22 18:45:00.000000,159.15,159.62,159.14,159.6,39.631
2025-11-22 18:50:00.000000,159.62,159.62,159.62,159.62,1.252
2025-11-22 18:55:00.000000,159.58,159.84,159.45,159.84,8.782
2025-11-22 19:00:00.000000,159.99,159.99,159.71,159.71,4.377
2025-11-22 19:05:00.000000,159.61,160.49,159.6,160.29,11.843
2025-11-22 19:10:00.000000,160.23,160.23,159.86,159.86,12.485
2025-11-22 19:15:00.000000,160.2,160.41,160.04,160.41,10.6
2025-11-22 19:20:00.000000,159.95,159.95,159.64,159.64,3.749
2025-11-22 19:25:00.000000,159.21,159.21,159.11,159.11,10.036
2025-11-22 19:30:00.000000,159.11,159.11,159.11,159.11,0.0
2025-11-22 19:35:00.000000,159.11,159.11,159.11,159.11,0.0
2025-11-22 19:40:00.000000,159.11,159.11,159.11,159.11,0.0
2025-11-22 19:45:00.000000,159.11,159.11,159.11,159.11,0.0
2025-11-22 19:50:00.000000,159.11,159.11,159.11,159.11,0.0
2025-11-22 19:55:00.000000,159.11,159.11,159.11,159.11,0.0
2025-11-22 20:00:00.000000,159.11,159.11,159.11,159.11,0.0
2025-11-22 20:05:00.000000,159.11,159.11,159.11,159.11,0.0
2025-11-22 20:10:00.000000,159.96,159.96,159.96,159.96,0.251
2025-11-22 20:15:00.000000,160.22,160.22,160.22,160.22,2.02
2025-11-22 20:20:00.000000,160.0,160.02,160.0,160.02,9.362
2025-11-22 20:25:00.000000,160.02,160.02,160.02,160.02,0.0
2025-11-22 20:30:00.000000,160.02,160.02,160.02,160.02,0.0
2025-11-22 20:35:00.000000,159.31,159.34,159.31,159.34,16.306
2025-11-22 20:40:00.000000,159.07,159.07,159.07,159.07,9.362
2025-11-22 20:45:00.000000,159.07,159.07,159.07,159.07,0.0
2025-11-22 20:50:00.000000,159.07,159.07,159.07,159.07,0.0
2025-11-22 20:55:00.000000,159.22,159.22,159.22,159.22,0.251
2025-11-22 21:00:00.000000,159.22,159.22,159.22,159.22,0.0
2025-11-22 21:05:00.000000,159.22,159.22,159.22,159.22,0.0
2025-11-22 21:10:00.000000,159.22,159.22,159.22,159.22,0.0
2025-11-22 21:15:00.000000,159.22,159.22,159.22,159.22,0.0
2025-11-22 21:20:00.000000,159.22,159.22,159.22,159.22,0.0
2025-11-22 21:25:00.000000,159.22,159.22,159.22,159.22,0.0
2025-11-22 21:30:00.000000,159.22,159.22,159.22,159.22,0.0
2025-11-22 21:35:00.000000,159.22,159.22,159.22,159.22,0.0
2025-11-22 21:40:00.000000,159.22,159.22,159.22,159.22,0.0
2025-11-22 21:45:00.000000,159.88,159.88,159.87,159.87,16.306
2025-11-22 21:50:00.000000,159.5,159.58,159.5,159.58,9.632
2025-11-22 21:55:00.000000,159.58,159.58,159.58,159.58,0.0
2025-11-22 22:00:00.000000,159.58,159.58,159.58,159.58,0.0
2025-11-22 22:05:00.000000,159.58,159.58,159.58,159.58,0.0
2025-11-22 22:10:00.000000,159.58,159.58,159.58,159.58,0.0
2025-11-22 22:15:00.000000,159.58,159.58,159.58,159.58,0.0
2025-11-22 22:20:00.000000,159.58,159.58,159.58,159.58,0.0
2025-11-22 22:25:00.000000,159.58,159.58,159.58,159.58,0.0
2025-11-22 22:30:00.000000,159.58,159.58,159.58,159.58,0.0
2025-11-22 22:35:00.000000,159.58,159.58,159.58,159.58,0.0
2025-11-22 22:40:00.000000,159.58,159.58,159.58,159.58,0.0
2025-11-22 22:45:00.000000,161.48,161.65,161.46,161.65,13.715
2025-11-22 22:50:00.000000,162.55,163.29,162.53,163.29,1.899
2025-11-22 22:55:00.000000,163.29,163.29,163.29,163.29,0.0
2025-11-22 18:55:10.915360,163.29,163.29,163.29,163.29,10.0
2025-11-22 18:55:11.450874,163.29,163.29,163.29,163.29,10.0
2025-11-22 18:55:11.964600,163.29,163.29,163.29,163.29,10.0
2025-11-22 18:55:12.476035,163.29,163.29,163.29,163.29,10.0
2025-11-22 18:55:12.987968,163.29,163.29,163.29,163.29,10.0
2025-11-22 18:55:13.499605,163.29,163.29,163.29,163.29,10.0
2025-11-22 18:55:14.010591,163.29,163.29,163.29,163.29,10.0
2025-11-22 18:55:14.522109,163.29,163.29,163.29,163.29,10.0
2025-11-22 18:55:15.033843,163.29,163.29,163.29,163.29,10.0
2025-11-22 18:55:15.544956,163.29,163.29,163.29,163.29,10.0
2025-11-22 18:55:16.056033,163.29,163.29,163.29,163.29,10.0
2025-11-22 18:55:16.569787,163.29,163.29,163.29,163.29,10.0
2025-11-22 18:55:17.080514,163.29,163.29,163.29,163.29,10.0
2025-11-22 18:55:17.592274,163.29,163.29,163.29,163.29,10.0
2025-11-22 18:55:18.104617,163.29,163.29,163.29,163.29,10.0
2025-11-22 18:55:18.615832,163.29,163.29,163.29,163.29,10.0
2025-11-22 18:55:19.127392,163.29,163.29,163.29,163.29,10.0
2025-11-22 18:55:19.638039,163.29,163.29,163.29,163.29,10.0
2025-11-22 18:55:20.148995,163.29,163.29,163.29,163.29,10.0
2025-11-22 18:55:20.661286,163.29,163.29,163.29,163.29,10.0
2025-11-22 18:55:21.172398,163.29,163.29,163.20835499999998,163.20835499999998,8.160417749999999
2025-11-22 18:55:21.683711,163.20835499999998,163.371645,163.20835499999998,163.371645,16.33308225
2025-11-22 18:55:22.194796,163.371645,163.45329,163.371645,163.45329,8.172664500000002
2025-11-22 18:55:22.706252,163.45329,163.53493500000002,163.45329,163.53493500000002,8.176746750000001
2025-11-22 18:55:23.218169,163.53493500000002,163.53493500000002,163.45329,163.45329,8.172664500000002
2025-11-22 18:55:23.729371,163.45329,163.45329,163.371645,163.371645,8.16858225
2025-11-22 18:55:24.241613,163.371645,163.371645,163.20835499999998,163.20835499999998,16.324917749999997
2025-11-22 18:55:24.753463,163.20835499999998,163.20835499999998,163.12670999999997,163.12670999999997,8.156335499999999
2025-11-22 18:55:25.264237,163.12670999999997,163.12670999999997,163.04506499999997,163.04506499999997,8.15225325
2025-11-22 18:55:25.776330,163.04506499999997,163.04506499999997,162.96341999999996,162.96341999999996,8.148170999999998
2025-11-22 18:55:26.288613,162.96341999999996,162.96341999999996,162.80012999999994,162.80012999999994,16.284095249999993
2025-11-22 18:55:26.799997,162.80012999999994,162.80012999999994,162.71848499999993,162.71848499999993,8.135924249999997
2025-11-22 18:55:27.312122,162.71848499999993,162.71848499999993,162.5551949999999,162.5551949999999,16.259601749999995
2025-11-22 18:55:27.824254,162.5551949999999,162.63683999999992,162.5551949999999,162.63683999999992,8.131841999999997
2025-11-22 18:55:28.336682,162.63683999999992,162.88177499999995,162.63683999999992,162.88177499999995,24.42001949999999
2025-11-22 18:55:28.848411,162.88177499999995,163.12670999999997,162.88177499999995,163.12670999999997,24.456759749999996
2025-11-22 18:55:29.360150,163.12670999999997,163.371645,163.12670999999997,163.371645,24.493499999999997
2025-11-22 18:55:29.870897,163.371645,163.69822500000004,163.371645,163.69822500000004,32.715151500000005
2025-11-22 18:55:30.382012,163.69822500000004,163.94316000000006,163.69822500000004,163.94316000000006,24.57922725000001
2025-11-22 18:55:30.893601,163.94316000000006,164.1880950000001,163.94316000000006,164.1880950000001,24.61596750000001
2025-11-22 18:55:31.405342,164.1880950000001,164.3513850000001,164.1880950000001,164.3513850000001,16.43105625000001
2025-11-22 18:55:31.916882,164.3513850000001,164.43303000000012,164.3513850000001,164.43303000000012,8.221651500000005
2025-11-22 18:55:32.428747,164.43303000000012,164.43303000000012,164.43303000000012,164.43303000000012,10.0
2025-11-22 18:55:32.941065,164.43303000000012,164.43303000000012,164.43303000000012,164.43303000000012,10.0
2025-11-22 18:55:33.453570,164.43303000000012,164.43303000000012,164.43303000000012,164.43303000000012,10.0
2025-11-22 18:55:33.965072,164.43303000000012,164.59632000000013,164.43303000000012,164.59632000000013,16.455549750000014
2025-11-22 18:55:34.477496,164.59632000000013,164.84125500000016,164.59632000000013,164.84125500000016,24.713941500000026
2025-11-22 18:55:34.989484,164.84125500000016,165.1678350000002,164.84125500000016,165.1678350000002,33.009073500000035
2025-11-22 18:55:35.520426,165.1678350000002,165.41277000000022,165.1678350000002,165.41277000000022,24.79966875000003
2025-11-22 18:55:36.032755,165.41277000000022,165.41277000000022,165.41277000000022,165.41277000000022,10.0
2025-11-22 18:55:36.544842,165.41277000000022,165.41277000000022,165.41277000000022,165.41277000000022,10.0
2025-11-22 18:55:37.056078,165.41277000000022,165.41277000000022,165.41277000000022,165.41277000000022,10.0
2025-11-22 18:55:37.567074,165.41277000000022,165.41277000000022,165.41277000000022,165.41277000000022,10.0
2025-11-22 18:55:38.078687,165.41277000000022,165.41277000000022,165.3311250000002,165.3311250000002,8.266556250000011
2025-11-22 18:55:38.594398,165.3311250000002,165.3311250000002,165.3311250000002,165.3311250000002,10.0
2025-11-22 18:55:39.105414,165.3311250000002,165.41277000000022,165.3311250000002,165.41277000000022,8.270638500000011
2025-11-22 18:55:39.618148,165.41277000000022,165.41277000000022,165.41277000000022,165.41277000000022,10.0
2025-11-22 18:55:40.130339,165.41277000000022,165.41277000000022,165.41277000000022,165.41277000000022,10.0
2025-11-22 18:55:40.642940,165.41277000000022,165.41277000000022,165.41277000000022,165.41277000000022,10.0
2025-11-22 18:55:41.154515,165.41277000000022,165.41277000000022,165.41277000000022,165.41277000000022,10.0
2025-11-22 18:55:41.665977,165.41277000000022,165.41277000000022,165.41277000000022,165.41277000000022,10.0
2025-11-22 18:55:42.177145,165.41277000000022,165.41277000000022,165.41277000000022,165.41277000000022,10.0
2025-11-22 18:55:42.688643,165.41277000000022,165.41277000000022,165.41277000000022,165.41277000000022,10.0
2025-11-22 18:55:43.200241,165.41277000000022,165.41277000000022,165.41277000000022,165.41277000000022,10.0
2025-11-22 18:55:43.714188,165.41277000000022,165.41277000000022,165.41277000000022,165.41277000000022,10.0
2025-11-22 18:55:44.225513,165.41277000000022,165.41277000000022,165.41277000000022,165.41277000000022,10.0
2025-11-22 18:55:44.736578,165.41277000000022,165.41277000000022,165.41277000000022,165.41277000000022,10.0
2025-11-22 18:55:45.247841,165.41277000000022,165.41277000000022,165.41277000000022,165.41277000000022,10.0
2025-11-22 18:55:45.759739,165.41277000000022,165.41277000000022,165.41277000000022,165.41277000000022,10.0
2025-11-22 18:55:46.271464,165.41277000000022,165.41277000000022,165.41277000000022,165.41277000000022,10.0
2025-11-22 18:55:46.784067,165.41277000000022,165.41277000000022,165.41277000000022,165.41277000000022,10.0
2025-11-22 18:55:47.295544,165.41277000000022,165.41277000000022,165.41277000000022,165.41277000000022,10.0
2025-11-22 18:55:47.807134,165.41277000000022,165.41277000000022,165.41277000000022,165.41277000000022,10.0
2025-11-22 18:55:48.319359,165.41277000000022,165.41277000000022,165.41277000000022,165.41277000000022,10.0
2025-11-22 18:55:48.830895,165.41277000000022,165.41277000000022,165.41277000000022,165.41277000000022,10.0
2025-11-22 18:55:49.342474,165.41277000000022,165.41277000000022,165.41277000000022,165.41277000000022,10.0
2025-11-22 18:55:49.855330,165.41277000000022,165.41277000000022,165.41277000000022,165.41277000000022,10.0
2025-11-22 18:55:50.367162,165.41277000000022,165.41277000000022,165.41277000000022,165.41277000000022,10.0
2025-11-22 18:55:50.879448,165.41277000000022,165.41277000000022,165.41277000000022,165.41277000000022,10.0
2025-11-22 18:55:51.401647,165.41277000000022,165.41277000000022,165.41277000000022,165.41277000000022,10.0
2025-11-22 18:55:51.912974,165.41277000000022,165.41277000000022,165.41277000000022,165.41277000000022,10.0
2025-11-22 18:55:52.424446,165.41277000000022,165.41277000000022,165.41277000000022,165.41277000000022,10.0
2025-11-22 18:55:52.936770,165.41277000000022,165.41277000000022,165.41277000000022,165.41277000000022,10.0
2025-11-22 18:55:53.449280,165.41277000000022,165.41277000000022,165.41277000000022,165.41277000000022,10.0
2025-11-22 18:55:53.960640,165.41277000000022,165.41277000000022,165.41277000000022,165.41277000000022,10.0
2025-11-22 18:55:54.472304,165.41277000000022,165.41277000000022,165.41277000000022,165.41277000000022,10.0
2025-11-22 18:55:54.984283,165.41277000000022,165.41277000000022,165.41277000000022,165.41277000000022,10.0
2025-11-22 18:55:55.496364,165.41277000000022,165.41277000000022,165.41277000000022,165.41277000000022,10.0
2025-11-22 18:55:56.007845,165.41277000000022,165.41277000000022,165.41277000000022,165.41277000000022,10.0
2025-11-22 18:55:56.519533,165.41277000000022,165.41277000000022,165.41277000000022,165.41277000000022,10.0
2025-11-22 18:55:57.032332,165.41277000000022,165.41277000000022,165.41277000000022,165.41277000000022,10.0
2025-11-22 18:55:57.544596,165.41277000000022,165.41277000000022,165.3311250000002,165.3311250000002,8.266556250000011
2025-11-22 18:55:58.056279,165.3311250000002,165.3311250000002,164.43303000000012,164.43303000000012,90.6626902500001
2025-11-22 18:55:58.568142,164.43303000000012,164.43303000000012,163.12670999999997,163.12670999999997,130.99123800000004
2025-11-22 18:55:59.104193,163.12670999999997,163.12670999999997,161.82038999999983,161.82038999999983,129.94618199999994
2025-11-22 18:55:59.616527,161.82038999999983,161.82038999999983,160.5140699999997,160.5140699999997,128.9011259999998
2025-11-22 18:56:00.127774,160.5140699999997,160.5140699999997,159.28939499999956,159.28939499999956,119.89568249999972
2025-11-22 18:56:00.639143,159.28939499999956,159.28939499999956,158.47294499999947,158.47294499999947,79.42017374999976
2025-11-22 18:56:01.151764,158.47294499999947,158.55458999999948,158.47294499999947,158.55458999999948,7.927729499999974
2025-11-22 18:56:01.667144,158.55458999999948,158.55458999999948,158.55458999999948,158.55458999999948,10.0
2025-11-22 18:56:02.179612,158.55458999999948,158.7178799999995,158.55458999999948,158.7178799999995,15.86770574999995
2025-11-22 18:56:02.693984,158.7178799999995,158.7995249999995,158.7178799999995,158.7995249999995,7.939976249999976
2025-11-22 18:56:03.206662,158.7995249999995,158.8811699999995,158.7995249999995,158.8811699999995,7.944058499999976
2025-11-22 18:56:03.718435,158.8811699999995,158.8811699999995,158.8811699999995,158.8811699999995,10.0
2025-11-22 18:56:04.231582,158.8811699999995,158.96281499999952,158.8811699999995,158.96281499999952,7.948140749999976
2025-11-22 18:56:04.764206,158.96281499999952,159.04445999999953,158.96281499999952,159.04445999999953,7.952222999999977
2025-11-22 18:56:05.278043,159.04445999999953,159.04445999999953,159.04445999999953,159.04445999999953,10.0
2025-11-22 18:56:05.790440,159.04445999999953,159.04445999999953,159.04445999999953,159.04445999999953,10.0
2025-11-22 18:56:06.301898,159.04445999999953,159.04445999999953,159.04445999999953,159.04445999999953,10.0
2025-11-22 18:56:06.814951,159.04445999999953,159.04445999999953,159.04445999999953,159.04445999999953,10.0
2025-11-22 18:56:07.352123,159.04445999999953,159.04445999999953,159.04445999999953,159.04445999999953,10.0
2025-11-22 18:56:07.863920,159.04445999999953,159.04445999999953,159.04445999999953,159.04445999999953,10.0
2025-11-22 18:56:08.377761,159.04445999999953,159.04445999999953,159.04445999999953,159.04445999999953,10.0
2025-11-22 18:56:08.889992,159.04445999999953,159.04445999999953,159.04445999999953,159.04445999999953,10.0
2025-11-22 18:56:09.402544,159.04445999999953,159.04445999999953,159.04445999999953,159.04445999999953,10.0
2025-11-22 18:56:09.914481,159.04445999999953,159.04445999999953,159.04445999999953,159.04445999999953,10.0
2025-11-22 18:56:10.428372,159.04445999999953,159.04445999999953,159.04445999999953,159.04445999999953,10.0
2025-11-22 18:56:10.940239,159.04445999999953,159.04445999999953,159.04445999999953,159.04445999999953,10.0
2025-11-22 18:56:11.452588,159.04445999999953,159.04445999999953,159.04445999999953,159.04445999999953,10.0
2025-11-22 18:56:11.963872,159.04445999999953,159.04445999999953,159.04445999999953,159.04445999999953,10.0
2025-11-22 18:56:12.476072,159.04445999999953,159.04445999999953,159.04445999999953,159.04445999999953,10.0
2025-11-22 18:56:13.019677,159.04445999999953,159.04445999999953,159.04445999999953,159.04445999999953,10.0
2025-11-22 18:56:13.533013,159.04445999999953,159.04445999999953,159.04445999999953,159.04445999999953,10.0
2025-11-22 18:56:14.045518,159.04445999999953,159.04445999999953,159.04445999999953,159.04445999999953,10.0
2025-11-22 18:56:14.557886,159.04445999999953,159.04445999999953,159.04445999999953,159.04445999999953,10.0
2025-11-22 18:56:15.071076,159.04445999999953,159.04445999999953,159.04445999999953,159.04445999999953,10.0
2025-11-22 18:56:15.583646,159.04445999999953,159.04445999999953,159.04445999999953,159.04445999999953,10.0
2025-11-22 18:56:16.096179,159.04445999999953,159.04445999999953,159.04445999999953,159.04445999999953,10.0
2025-11-22 18:56:16.608926,159.04445999999953,159.04445999999953,159.04445999999953,159.04445999999953,10.0
2025-11-22 18:56:17.121222,159.04445999999953,159.04445999999953,159.04445999999953,159.04445999999953,10.0
2025-11-22 18:56:17.632532,159.04445999999953,159.04445999999953,159.04445999999953,159.04445999999953,10.0
2025-11-22 18:56:18.145050,159.04445999999953,159.04445999999953,159.04445999999953,159.04445999999953,10.0
2025-11-22 18:56:18.657153,159.04445999999953,159.04445999999953,159.04445999999953,159.04445999999953,10.0
2025-11-22 18:56:19.169153,159.04445999999953,159.04445999999953,159.04445999999953,159.04445999999953,10.0
2025-11-22 18:56:19.681376,159.04445999999953,159.04445999999953,159.04445999999953,159.04445999999953,10.0
2025-11-22 18:56:20.193587,159.04445999999953,159.04445999999953,159.04445999999953,159.04445999999953,10.0
2025-11-22 18:56:20.705540,159.04445999999953,159.04445999999953,159.04445999999953,159.04445999999953,10.0
2025-11-22 18:56:21.220738,159.04445999999953,159.04445999999953,159.04445999999953,159.04445999999953,10.0
2025-11-22 18:56:21.733726,159.04445999999953,159.04445999999953,159.04445999999953,159.04445999999953,10.0
2025-11-22 18:56:22.246806,159.04445999999953,159.04445999999953,159.04445999999953,159.04445999999953,10.0
2025-11-22 18:56:22.759307,159.04445999999953,159.12610499999954,159.04445999999953,159.12610499999954,7.956305249999978
2025-11-22 18:56:23.273800,159.12610499999954,159.12610499999954,159.12610499999954,159.12610499999954,10.0
2025-11-22 18:56:23.786428,159.12610499999954,159.12610499999954,159.04445999999953,159.04445999999953,7.952222999999977
2025-11-22 18:56:24.299401,159.04445999999953,159.04445999999953,159.04445999999953,159.04445999999953,10.0
2025-11-22 18:56:24.811886,159.04445999999953,159.04445999999953,158.96281499999952,158.96281499999952,7.948140749999976
2025-11-22 18:56:25.324195,158.96281499999952,158.96281499999952,158.8811699999995,158.8811699999995,7.944058499999976
2025-11-22 18:56:25.837326,158.8811699999995,158.96281499999952,158.8811699999995,158.96281499999952,7.948140749999976
2025-11-22 18:56:26.349166,158.96281499999952,159.04445999999953,158.96281499999952,159.04445999999953,7.952222999999977
2025-11-22 18:56:26.860828,159.04445999999953,159.12610499999954,159.04445999999953,159.12610499999954,7.956305249999978
2025-11-22 18:56:27.373538,159.12610499999954,159.20774999999955,159.12610499999954,159.20774999999955,7.960387499999978
2025-11-22 18:56:27.886574,159.20774999999955,159.20774999999955,159.20774999999955,159.20774999999955,10.0
2025-11-22 18:56:28.398545,159.20774999999955,159.28939499999956,159.20774999999955,159.28939499999956,7.964469749999978
2025-11-22 18:56:28.911397,159.28939499999956,159.45268499999958,159.28939499999956,159.45268499999958,15.941186249999959
2025-11-22 18:56:29.423540,159.45268499999958,159.53432999999958,159.45268499999958,159.53432999999958,7.97671649999998
2025-11-22 18:56:29.936345,159.53432999999958,159.6159749999996,159.53432999999958,159.6159749999996,7.98079874999998
2025-11-22 18:56:30.449566,159.6159749999996,159.6976199999996,159.6159749999996,159.6976199999996,7.98488099999998
2025-11-22 18:56:30.962160,159.6976199999996,159.86090999999962,159.6976199999996,159.86090999999962,15.982008749999963
2025-11-22 18:56:31.475520,159.86090999999962,159.94255499999963,159.86090999999962,159.94255499999963,7.997127749999982
2025-11-22 18:56:31.988017,159.94255499999963,160.02419999999964,159.94255499999963,160.02419999999964,8.001209999999983
2025-11-22 18:56:32.500585,160.02419999999964,160.18748999999966,160.02419999999964,160.18748999999966,16.014666749999968
2025-11-22 18:56:33.012498,160.18748999999966,160.18748999999966,160.10584499999965,160.10584499999965,8.005292249999982
2025-11-22 18:56:33.526290,160.10584499999965,160.10584499999965,160.02419999999964,160.02419999999964,8.001209999999983
2025-11-22 18:56:34.038197,160.02419999999964,160.02419999999964,159.86090999999962,159.86090999999962,15.990173249999962
2025-11-22 18:56:34.550513,159.86090999999962,159.86090999999962,159.7792649999996,159.7792649999996,7.988963249999981
2025-11-22 18:56:35.064503,159.7792649999996,159.7792649999996,159.6159749999996,159.6159749999996,15.96567974999996
2025-11-22 18:56:35.577279,159.6159749999996,159.6159749999996,159.53432999999958,159.53432999999958,7.97671649999998
2025-11-22 18:56:36.090083,159.53432999999958,159.53432999999958,159.37103999999957,159.37103999999957,15.941186249999959
2025-11-22 18:56:36.602574,159.37103999999957,159.37103999999957,159.28939499999956,159.28939499999956,7.964469749999978
2025-11-22 18:56:37.115178,159.28939499999956,159.28939499999956,159.12610499999954,159.12610499999954,15.916692749999957
2025-11-22 18:56:37.647737,159.12610499999954,159.12610499999954,159.04445999999953,159.04445999999953,7.952222999999977
2025-11-22 18:56:38.161935,159.04445999999953,159.04445999999953,158.96281499999952,158.96281499999952,7.948140749999976
2025-11-22 18:56:38.675855,158.96281499999952,158.96281499999952,158.96281499999952,158.96281499999952,10.0
2025-11-22 18:56:39.188273,158.96281499999952,158.96281499999952,158.96281499999952,158.96281499999952,10.0
2025-11-22 18:56:39.700595,158.96281499999952,158.96281499999952,158.96281499999952,158.96281499999952,10.0
2025-11-22 18:56:40.212821,158.96281499999952,158.96281499999952,158.96281499999952,158.96281499999952,10.0
2025-11-22 18:56:40.726430,158.96281499999952,158.96281499999952,158.96281499999952,158.96281499999952,10.0
2025-11-22 18:56:41.238720,158.96281499999952,158.96281499999952,158.96281499999952,158.96281499999952,10.0
2025-11-22 18:56:41.751575,158.96281499999952,158.96281499999952,158.96281499999952,158.96281499999952,10.0
2025-11-22 18:56:42.265164,158.96281499999952,158.96281499999952,158.96281499999952,158.96281499999952,10.0
2025-11-22 18:56:42.778064,158.96281499999952,158.96281499999952,158.96281499999952,158.96281499999952,10.0
2025-11-22 18:56:43.291354,158.96281499999952,158.96281499999952,158.96281499999952,158.96281499999952,10.0
2025-11-22 18:56:43.804660,158.96281499999952,158.96281499999952,158.96281499999952,158.96281499999952,10.0
2025-11-22 18:56:44.317826,158.96281499999952,158.96281499999952,158.96281499999952,158.96281499999952,10.0
2025-11-22 18:56:44.830332,158.96281499999952,158.96281499999952,158.96281499999952,158.96281499999952,10.0
2025-11-22 18:56:45.342870,158.96281499999952,158.96281499999952,158.96281499999952,158.96281499999952,10.0
2025-11-22 18:56:45.856201,158.96281499999952,158.96281499999952,158.96281499999952,158.96281499999952,10.0
2025-11-22 18:56:46.369644,158.96281499999952,158.96281499999952,158.96281499999952,158.96281499999952,10.0
2025-11-22 18:56:46.882372,158.96281499999952,158.96281499999952,158.96281499999952,158.96281499999952,10.0
2025-11-22 18:56:47.395894,158.96281499999952,158.96281499999952,158.96281499999952,158.96281499999952,10.0
2025-11-22 18:56:47.909565,158.96281499999952,158.96281499999952,158.96281499999952,158.96281499999952,10.0
2025-11-22 18:56:48.423287,158.96281499999952,158.96281499999952,158.96281499999952,158.96281499999952,10.0
2025-11-22 18:56:48.936037,158.96281499999952,158.96281499999952,158.96281499999952,158.96281499999952,10.0
2025-11-22 18:56:49.449132,158.96281499999952,158.96281499999952,158.96281499999952,158.96281499999952,10.0
2025-11-22 18:56:49.961554,158.96281499999952,158.96281499999952,158.96281499999952,158.96281499999952,10.0
2025-11-22 18:56:50.474318,158.96281499999952,159.04445999999953,158.96281499999952,159.04445999999953,7.952222999999977
2025-11-22 18:56:50.989080,159.04445999999953,159.04445999999953,158.96281499999952,158.96281499999952,7.948140749999976
2025-11-22 18:56:51.501191,158.96281499999952,159.04445999999953,158.96281499999952,159.04445999999953,7.952222999999977
2025-11-22 18:56:52.013825,159.04445999999953,159.04445999999953,159.04445999999953,159.04445999999953,10.0
2025-11-22 18:56:52.526908,159.04445999999953,159.04445999999953,159.04445999999953,159.04445999999953,10.0
2025-11-22 18:56:53.040388,159.04445999999953,159.12610499999954,159.04445999999953,159.12610499999954,7.956305249999978
2025-11-22 18:56:53.553795,159.12610499999954,159.12610499999954,159.12610499999954,159.12610499999954,10.0
2025-11-22 18:56:54.067000,159.12610499999954,159.12610499999954,159.12610499999954,159.12610499999954,10.0
2025-11-22 18:56:54.579132,159.12610499999954,159.20774999999955,159.12610499999954,159.20774999999955,7.960387499999978
2025-11-22 18:56:55.092752,159.20774999999955,159.20774999999955,159.20774999999955,159.20774999999955,10.0
2025-11-22 18:56:55.605392,159.20774999999955,159.28939499999956,159.20774999999955,159.28939499999956,7.964469749999978
2025-11-22 18:56:56.118867,159.28939499999956,159.37103999999957,159.28939499999956,159.37103999999957,7.9685519999999785
2025-11-22 18:56:56.631471,159.37103999999957,159.45268499999958,159.37103999999957,159.45268499999958,7.972634249999979
2025-11-22 18:56:57.144084,159.45268499999958,159.53432999999958,159.45268499999958,159.53432999999958,7.97671649999998
2025-11-22 18:56:57.658139,159.53432999999958,159.6159749999996,159.53432999999958,159.6159749999996,7.98079874999998
2025-11-22 18:56:58.172201,159.6159749999996,159.7792649999996,159.6159749999996,159.7792649999996,15.97384424999996
2025-11-22 18:56:58.686307,159.7792649999996,160.02419999999964,159.7792649999996,160.02419999999964,23.991383249999945
2025-11-22 18:56:59.199309,160.02419999999964,160.18748999999966,160.02419999999964,160.18748999999966,16.014666749999968
2025-11-22 18:56:59.711997,160.18748999999966,160.35077999999967,160.18748999999966,160.35077999999967,16.030995749999967
2025-11-22 18:57:00.225994,160.35077999999967,160.35077999999967,160.26913499999966,160.26913499999966,8.013456749999984
2025-11-22 18:57:00.739262,160.26913499999966,160.26913499999966,160.18748999999966,160.18748999999966,8.009374499999984
2025-11-22 18:57:01.252009,160.18748999999966,160.18748999999966,160.10584499999965,160.10584499999965,8.005292249999982
2025-11-22 18:57:01.766110,160.10584499999965,160.10584499999965,159.94255499999963,159.94255499999963,15.998337749999965
2025-11-22 18:57:02.280576,159.94255499999963,159.94255499999963,159.86090999999962,159.86090999999962,7.993045499999981
2025-11-22 18:57:02.794012,159.86090999999962,159.86090999999962,159.7792649999996,159.7792649999996,7.988963249999981
2025-11-22 18:57:03.307021,159.7792649999996,159.7792649999996,159.6976199999996,159.6976199999996,7.98488099999998
2025-11-22 18:57:03.819399,159.6976199999996,159.6976199999996,159.6159749999996,159.6159749999996,7.98079874999998
2025-11-22 18:57:04.334013,159.6159749999996,159.6159749999996,159.53432999999958,159.53432999999958,7.97671649999998
2025-11-22 18:57:04.846748,159.53432999999958,159.53432999999958,159.45268499999958,159.45268499999958,7.972634249999979
2025-11-22 18:57:05.360724,159.45268499999958,159.45268499999958,159.37103999999957,159.37103999999957,7.9685519999999785
2025-11-22 18:57:05.873737,159.37103999999957,159.37103999999957,159.28939499999956,159.28939499999956,7.964469749999978
2025-11-22 18:57:06.388826,159.28939499999956,159.28939499999956,159.20774999999955,159.20774999999955,7.960387499999978
2025-11-22 18:57:06.901603,159.20774999999955,159.20774999999955,159.12610499999954,159.12610499999954,7.956305249999978
2025-11-22 18:57:07.433809,159.12610499999954,159.12610499999954,159.04445999999953,159.04445999999953,7.952222999999977
2025-11-22 18:57:07.948055,159.04445999999953,159.04445999999953,159.04445999999953,159.04445999999953,10.0
2025-11-22 18:57:08.463440,159.04445999999953,159.04445999999953,159.04445999999953,159.04445999999953,10.0
2025-11-22 18:57:08.976702,159.04445999999953,159.04445999999953,159.04445999999953,159.04445999999953,10.0
2025-11-22 18:57:09.490192,159.04445999999953,159.04445999999953,159.04445999999953,159.04445999999953,10.0
2025-11-22 18:57:10.003978,159.04445999999953,159.04445999999953,159.04445999999953,159.04445999999953,10.0
2025-11-22 18:57:10.516376,159.04445999999953,159.04445999999953,159.04445999999953,159.04445999999953,10.0
2025-11-22 18:57:11.031164,159.04445999999953,159.04445999999953,159.04445999999953,159.04445999999953,10.0
2025-11-22 18:57:11.544354,159.04445999999953,159.04445999999953,159.04445999999953,159.04445999999953,10.0
2025-11-22 18:57:12.057324,159.04445999999953,159.04445999999953,159.04445999999953,159.04445999999953,10.0
2025-11-22 18:57:12.571068,159.04445999999953,159.04445999999953,159.04445999999953,159.04445999999953,10.0
2025-11-22 18:57:13.085311,159.04445999999953,159.04445999999953,159.04445999999953,159.04445999999953,10.0
2025-11-22 18:57:13.598459,159.04445999999953,159.04445999999953,159.04445999999953,159.04445999999953,10.0
2025-11-22 18:57:14.111189,159.04445999999953,159.04445999999953,159.04445999999953,159.04445999999953,10.0
2025-11-22 18:57:14.624286,159.04445999999953,159.04445999999953,159.04445999999953,159.04445999999953,10.0
2025-11-22 18:57:15.137675,159.04445999999953,159.04445999999953,159.04445999999953,159.04445999999953,10.0
2025-11-22 18:57:15.651591,159.04445999999953,159.04445999999953,159.04445999999953,159.04445999999953,10.0
2025-11-22 18:57:16.165346,159.04445999999953,159.04445999999953,159.04445999999953,159.04445999999953,10.0
2025-11-22 18:57:16.681120,159.04445999999953,159.12610499999954,159.04445999999953,159.12610499999954,7.956305249999978
2025-11-22 18:57:17.195783,159.12610499999954,160.10584499999965,159.12610499999954,160.10584499999965,95.79407849999977
2025-11-22 18:57:17.709602,160.10584499999965,160.84064999999973,160.10584499999965,160.84064999999973,72.23133149999987
2025-11-22 18:57:18.222598,160.84064999999973,160.84064999999973,160.84064999999973,160.84064999999973,10.0
2025-11-22 18:57:18.737592,160.84064999999973,160.92229499999974,160.84064999999973,160.92229499999974,8.046114749999987
2025-11-22 18:57:19.250786,160.92229499999974,161.5754549999998,160.92229499999974,161.5754549999998,64.51587899999991
2025-11-22 18:57:19.764652,161.5754549999998,162.88177499999995,161.5754549999998,162.88177499999995,129.81554999999992
2025-11-22 18:57:20.279202,162.88177499999995,164.10645000000008,162.88177499999995,164.10645000000008,122.65120125000003
2025-11-22 18:57:20.794339,164.10645000000008,165.41277000000022,164.10645000000008,165.41277000000022,131.84034600000012
2025-11-22 18:57:21.307744,165.41277000000022,165.41277000000022,165.41277000000022,165.41277000000022,10.0
2025-11-22 18:57:21.820718,165.41277000000022,165.41277000000022,165.41277000000022,165.41277000000022,10.0
2025-11-22 18:57:22.333703,165.41277000000022,165.49441500000023,165.41277000000022,165.49441500000023,8.274720750000013
2025-11-22 18:57:22.847033,165.49441500000023,165.82099500000027,165.49441500000023,165.73935000000026,41.426673000000065
2025-11-22 18:57:23.360233,165.73935000000026,165.73935000000026,165.65770500000025,165.65770500000025,8.282885250000012
2025-11-22 18:57:23.874246,165.65770500000025,165.65770500000025,165.57606000000024,165.57606000000024,8.278803000000012
2025-11-22 18:57:24.387876,165.57606000000024,165.57606000000024,165.41277000000022,165.41277000000022,16.545359250000025
2025-11-22 18:57:24.902820,165.41277000000022,165.41277000000022,165.3311250000002,165.3311250000002,8.266556250000011
2025-11-22 18:57:25.416329,165.3311250000002,165.3311250000002,165.1678350000002,165.1678350000002,16.52086575000002
2025-11-22 18:57:25.954381,165.1678350000002,165.1678350000002,165.00454500000018,165.00454500000018,16.50453675000002
2025-11-22 18:57:26.475865,165.00454500000018,165.00454500000018,165.00454500000018,165.00454500000018,10.0
2025-11-22 18:57:26.990658,165.00454500000018,165.00454500000018,165.00454500000018,165.00454500000018,10.0
2025-11-22 18:57:27.504832,165.00454500000018,165.00454500000018,165.00454500000018,165.00454500000018,10.0
2025-11-22 18:57:28.019025,165.00454500000018,165.00454500000018,165.00454500000018,165.00454500000018,10.0
2025-11-22 18:57:28.532775,165.00454500000018,165.00454500000018,165.00454500000018,165.00454500000018,10.0
2025-11-22 18:57:29.046897,165.00454500000018,165.00454500000018,165.00454500000018,165.00454500000018,10.0
2025-11-22 18:57:29.559744,165.00454500000018,165.0861900000002,165.00454500000018,165.0861900000002,8.25430950000001
2025-11-22 18:57:30.073002,165.0861900000002,165.1678350000002,165.0861900000002,165.1678350000002,8.25839175000001
2025-11-22 18:57:30.586711,165.1678350000002,165.3311250000002,165.1678350000002,165.3311250000002,16.52903025000002
2025-11-22 18:57:31.101302,165.3311250000002,166.0659300000003,165.3311250000002,166.0659300000003,74.58270750000013
2025-11-22 18:57:31.615321,166.0659300000003,166.1475750000003,166.0659300000003,166.1475750000003,8.307378750000016
2025-11-22 18:57:32.129576,166.1475750000003,166.2292200000003,166.1475750000003,166.2292200000003,8.311461000000016
2025-11-22 18:57:32.644803,166.2292200000003,166.2292200000003,166.2292200000003,166.2292200000003,10.0
2025-11-22 18:57:33.158091,166.2292200000003,166.31086500000032,166.2292200000003,166.31086500000032,8.315543250000017
2025-11-22 18:57:33.670797,166.31086500000032,166.31086500000032,166.2292200000003,166.2292200000003,8.311461000000016
2025-11-22 18:57:34.185653,166.2292200000003,166.2292200000003,166.2292200000003,166.2292200000003,10.0
2025-11-22 18:57:34.699998,166.2292200000003,166.2292200000003,166.0659300000003,166.0659300000003,16.61067525000003
2025-11-22 18:57:35.217893,166.0659300000003,166.0659300000003,165.98428500000028,165.98428500000028,8.299214250000015
2025-11-22 18:57:35.733068,165.98428500000028,165.98428500000028,165.98428500000028,165.98428500000028,10.0
2025-11-22 18:57:36.249532,165.98428500000028,165.98428500000028,165.90264000000028,165.90264000000028,8.295132000000015
2025-11-22 18:57:36.763130,165.90264000000028,165.90264000000028,165.90264000000028,165.90264000000028,10.0
2025-11-22 18:57:37.278227,165.90264000000028,165.90264000000028,165.82099500000027,165.82099500000027,8.291049750000013
2025-11-22 18:57:37.791504,165.82099500000027,165.82099500000027,165.82099500000027,165.82099500000027,10.0
2025-11-22 18:57:38.306166,165.82099500000027,165.82099500000027,165.82099500000027,165.82099500000027,10.0
2025-11-22 18:57:38.819968,165.82099500000027,165.90264000000028,165.82099500000027,165.90264000000028,8.295132000000015
2025-11-22 18:57:39.333343,165.90264000000028,165.90264000000028,165.90264000000028,165.90264000000028,10.0
2025-11-22 18:57:39.847938,165.90264000000028,165.90264000000028,165.90264000000028,165.90264000000028,10.0
2025-11-22 18:57:40.390502,165.90264000000028,165.98428500000028,165.90264000000028,165.98428500000028,8.299214250000015
2025-11-22 18:57:40.903543,165.98428500000028,165.98428500000028,165.98428500000028,165.98428500000028,10.0
2025-11-22 18:57:41.416961,165.98428500000028,166.0659300000003,165.98428500000028,166.0659300000003,8.303296500000014
2025-11-22 18:57:41.930032,166.0659300000003,166.0659300000003,166.0659300000003,166.0659300000003,10.0
2025-11-22 18:57:42.444416,166.0659300000003,166.0659300000003,166.0659300000003,166.0659300000003,10.0
2025-11-22 18:57:42.958177,166.0659300000003,166.0659300000003,166.0659300000003,166.0659300000003,10.0
2025-11-22 18:57:43.473481,166.0659300000003,166.0659300000003,165.98428500000028,165.98428500000028,8.299214250000015
2025-11-22 18:57:43.987266,165.98428500000028,165.98428500000028,165.90264000000028,165.90264000000028,8.295132000000015
2025-11-22 18:57:44.500598,165.90264000000028,165.90264000000028,165.82099500000027,165.82099500000027,8.291049750000013
2025-11-22 18:57:45.013709,165.82099500000027,165.82099500000027,165.73935000000026,165.73935000000026,8.286967500000014
2025-11-22 18:57:45.528646,165.73935000000026,165.73935000000026,165.65770500000025,165.65770500000025,8.282885250000012
2025-11-22 18:57:46.043083,165.65770500000025,165.65770500000025,165.57606000000024,165.57606000000024,8.278803000000012
2025-11-22 18:57:46.559573,165.57606000000024,165.57606000000024,165.49441500000023,165.49441500000023,8.274720750000013
2025-11-22 18:57:47.072932,165.49441500000023,165.49441500000023,165.41277000000022,165.41277000000022,8.270638500000011
2025-11-22 18:57:47.587037,165.41277000000022,165.41277000000022,165.41277000000022,165.41277000000022,10.0
2025-11-22 18:57:48.100790,165.41277000000022,165.57606000000024,165.41277000000022,165.57606000000024,16.553523750000025
2025-11-22 18:57:48.615023,165.57606000000024,165.73935000000026,165.57606000000024,165.73935000000026,16.569852750000024
2025-11-22 18:57:49.128954,165.73935000000026,165.82099500000027,165.73935000000026,165.82099500000027,8.291049750000013
2025-11-22 18:57:49.642236,165.82099500000027,165.90264000000028,165.82099500000027,165.90264000000028,8.295132000000015
2025-11-22 18:57:50.156246,165.90264000000028,165.98428500000028,165.90264000000028,165.98428500000028,8.299214250000015
2025-11-22 18:57:50.669775,165.98428500000028,166.0659300000003,165.98428500000028,166.0659300000003,8.303296500000014
2025-11-22 18:57:51.183186,166.0659300000003,166.1475750000003,166.0659300000003,166.1475750000003,8.307378750000016
2025-11-22 18:57:51.697425,166.1475750000003,166.1475750000003,166.1475750000003,166.1475750000003,10.0
2025-11-22 18:57:52.211409,166.1475750000003,166.2292200000003,166.1475750000003,166.2292200000003,8.311461000000016
2025-11-22 18:57:52.725192,166.2292200000003,166.2292200000003,166.2292200000003,166.2292200000003,10.0
2025-11-22 18:57:53.239517,166.2292200000003,166.2292200000003,166.2292200000003,166.2292200000003,10.0
2025-11-22 18:57:53.754019,166.2292200000003,166.2292200000003,166.2292200000003,166.2292200000003,10.0
2025-11-22 18:57:54.269650,166.2292200000003,166.2292200000003,166.2292200000003,166.2292200000003,10.0
2025-11-22 18:57:54.783756,166.2292200000003,166.2292200000003,166.1475750000003,166.1475750000003,8.307378750000016
2025-11-22 18:57:55.300123,166.1475750000003,166.1475750000003,165.98428500000028,165.98428500000028,16.60251075000003
2025-11-22 18:57:55.813866,165.98428500000028,165.98428500000028,165.90264000000028,165.90264000000028,8.295132000000015
2025-11-22 18:57:56.329613,165.90264000000028,165.90264000000028,165.90264000000028,165.90264000000028,10.0
2025-11-22 18:57:56.845003,165.90264000000028,165.90264000000028,165.73935000000026,165.73935000000026,16.578017250000027
2025-11-22 18:57:57.359137,165.73935000000026,165.73935000000026,165.65770500000025,165.65770500000025,8.282885250000012
2025-11-22 18:57:57.874043,165.65770500000025,165.65770500000025,165.41277000000022,165.41277000000022,24.824162250000036
2025-11-22 18:57:58.388078,165.41277000000022,165.41277000000022,165.1678350000002,165.1678350000002,24.787422000000028
2025-11-22 18:57:58.902753,165.1678350000002,165.1678350000002,165.00454500000018,165.00454500000018,16.50453675000002
2025-11-22 18:57:59.417894,165.00454500000018,165.00454500000018,164.75961000000015,164.75961000000015,24.72618825000002
2025-11-22 18:57:59.932040,164.75961000000015,164.75961000000015,164.59632000000013,164.59632000000013,16.463714250000017
2025-11-22 18:58:00.445567,164.59632000000013,164.59632000000013,164.3513850000001,164.3513850000001,24.664954500000015
2025-11-22 18:58:00.960381,164.3513850000001,164.3513850000001,164.10645000000008,164.10645000000008,24.628214250000017
2025-11-22 18:58:01.473725,164.10645000000008,164.10645000000008,164.02480500000007,164.02480500000007,8.201240250000003
2025-11-22 18:58:01.987241,164.02480500000007,164.02480500000007,164.02480500000007,164.02480500000007,10.0
2025-11-22 18:58:02.502769,164.02480500000007,164.10645000000008,164.02480500000007,164.02480500000007,16.406562750000006
2025-11-22 18:58:03.016760,164.02480500000007,164.02480500000007,163.94316000000006,163.94316000000006,8.197158000000003
2025-11-22 18:58:03.531399,163.94316000000006,163.94316000000006,163.69822500000004,163.69822500000004,24.56698050000001
2025-11-22 18:58:04.045427,163.69822500000004,163.69822500000004,163.45329,163.45329,24.530240250000006
2025-11-22 18:58:04.560373,163.45329,163.61658000000003,163.45329,163.61658000000003,16.357575750000002
2025-11-22 18:58:05.074319,163.61658000000003,163.86151500000005,163.61658000000003,163.86151500000005,24.566980500000007
2025-11-22 18:58:05.589704,163.86151500000005,164.1880950000001,163.86151500000005,164.1880950000001,32.81312550000001
2025-11-22 18:58:06.127481,164.1880950000001,164.43303000000012,164.1880950000001,164.43303000000012,24.65270775000002
2025-11-22 18:58:06.643722,164.43303000000012,164.59632000000013,164.43303000000012,164.59632000000013,16.455549750000014
2025-11-22 18:58:07.159464,164.59632000000013,164.59632000000013,164.59632000000013,164.59632000000013,10.0
2025-11-22 18:58:07.674103,164.59632000000013,164.59632000000013,164.59632000000013,164.59632000000013,10.0
2025-11-22 18:58:08.187823,164.59632000000013,164.59632000000013,164.59632000000013,164.59632000000013,10.0
2025-11-22 18:58:08.702876,164.59632000000013,164.59632000000013,164.59632000000013,164.59632000000013,10.0
2025-11-22 18:58:09.217714,164.59632000000013,164.59632000000013,164.59632000000013,164.59632000000013,10.0
2025-11-22 18:58:09.732823,164.59632000000013,164.59632000000013,164.59632000000013,164.59632000000013,10.0
2025-11-22 18:58:10.248419,164.59632000000013,164.59632000000013,164.59632000000013,164.59632000000013,10.0
